{
  "version": 1.0,
  "egoVehicle": {
    "DataID": 20600007,
    "UNIQUEID": -1,
    "m_eobstacleObjType": 0,
    "initPosition": {
      "initPositionMode": "Absolute",
      "pos": {
        "x": 0.45199999213218689,
        "y": 5.4130001068115234,
        "z": 0.030999999493360519,
        "_x": "0.452",
        "_y": "5.413",
        "_z": "0.031"
      },
      "rot": {
        "roll": "-359.976",
        "pitch": "0.611",
        "yaw": "177.287"
      },
      "initLink": "",
      "initLinkRatio": 0,
      "gear": 4,
      "vehicleSaveData": {
        "velocity": 0.078335128724575043,
        "inputData": [
          0,
          0,
          0,
          0,
          0,
          0,
          4,
          0,
          0,
          0
        ],
        "vehicle": {
          "time": 748.14752197265625,
          "lastVelocity": {
            "x": 0.021765001118183136,
            "y": 2.384185791015625E-07,
            "z": -0.0010323480237275362
          },
          "lastImpactTime": 708.2762451171875
        },
        "wheels": [
          {
            "L": 0.00726312818005681,
            "Tr": 0.0011084509314969182,
            "contactDepth": 0.017695503309369087,
            "lastTireForce": {
              "x": -0.0020731939002871513,
              "y": -0.036947324872016907
            }
          },
          {
            "L": 0.00726325623691082,
            "Tr": 0.0011200887383893132,
            "contactDepth": 0.017776275053620338,
            "lastTireForce": {
              "x": -0.0020828766282647848,
              "y": -0.037335854023694992
            }
          },
          {
            "L": 0.0072631263174116611,
            "Tr": 0.0011083026183769107,
            "contactDepth": 0.014922661706805229,
            "lastTireForce": {
              "x": -0.0020487215369939804,
              "y": -0.036942634731531143
            }
          },
          {
            "L": 0.0072632576338946819,
            "Tr": 0.001120232162065804,
            "contactDepth": 0.015005553141236305,
            "lastTireForce": {
              "x": -0.0020604007877409458,
              "y": -0.037340383976697922
            }
          }
        ],
        "engine": {
          "L": 0.0,
          "Treaction": 0.0,
          "rpmLimiterActive": false,
          "rpmLimiterTime": 0.0,
          "tcsActivationTime": 0.0
        },
        "gearbox": {
          "L": 0.0,
          "manualGear": 0,
          "manualRatio": 0.0,
          "engaged": false,
          "lastEngagedTime": 0.0,
          "lastAutoShiftTime": 0.0,
          "vehicleMoving": false,
          "gearMode": 0,
          "automaticGear": 0,
          "automaticRatio": 0.0,
          "transition": false,
          "transitionStartedTime": 0.0,
          "fromGear": 0,
          "toGear": 0,
          "fromRatio": 0.0,
          "toRatio": 0.0,
          "transitionRatio": 0.0
        },
        "lastVelocity": {
          "x": 0.021765001118183136,
          "y": 2.384185791015625E-07,
          "z": -0.0010323480237275362
        }
      }
    },
    "currentVelocity": 0.078335128724575043,
    "v2vUDPSessionInfo": {
      "isInit": false,
      "v2vConfig": {
        "hostIP": "0.0.0.0",
        "Port": 5641,
        "receiveTimeout": 0,
        "BuffSize": 8196,
        "surroundVehiclePubTime": 100
      }
    },
    "beforeControlMode": 0,
    "currentControlMode": 1
  },
  "vehicleList": [
    {
      "DataID": 30600006,
      "UNIQUEID": 2,
      "m_eobstacleObjType": 1,
      "initPosition": {
        "initPositionMode": "Absolute",
        "pos": {
          "x": 13.352999687194824,
          "y": -1.2569999694824219,
          "z": 0.030999999493360519,
          "_x": "13.353",
          "_y": "-1.257",
          "_z": "0.031"
        },
        "rot": {
          "roll": "-359.950",
          "pitch": "0.612",
          "yaw": "22.516"
        },
        "initLink": "8",
        "initLinkRatio": 0,
        "gear": 4,
        "vehicleSaveData": {
          "velocity": 1.2570221424102783,
          "inputData": [
            -6202,
            236,
            0,
            0,
            0,
            0,
            4,
            0,
            0,
            0
          ],
          "vehicle": {
            "time": 418.48855590820313,
            "lastVelocity": {
              "x": -0.30620181560516357,
              "y": 2.3692846298217773E-06,
              "z": -0.16792556643486023
            },
            "lastImpactTime": 0.0
          },
          "wheels": [
            {
              "L": 0.11053532361984253,
              "Tr": -0.538027286529541,
              "contactDepth": 0.017658522352576256,
              "lastTireForce": {
                "x": -1.3376189470291138,
                "y": 17.934246063232422
              }
            },
            {
              "L": 0.12511897087097168,
              "Tr": -0.17182472348213196,
              "contactDepth": 0.01781846396625042,
              "lastTireForce": {
                "x": -7.76560115814209,
                "y": 5.7274918556213379
              }
            },
            {
              "L": 0.10795783996582031,
              "Tr": 0.14458611607551575,
              "contactDepth": 0.014879310503602028,
              "lastTireForce": {
                "x": 3.0136897563934326,
                "y": -4.8195333480834961
              }
            },
            {
              "L": 0.12327019870281219,
              "Tr": 0.52911335229873657,
              "contactDepth": 0.015043517574667931,
              "lastTireForce": {
                "x": 2.9062790870666504,
                "y": -17.604324340820313
              }
            }
          ],
          "engine": {
            "L": 0.0,
            "Treaction": 0.0,
            "rpmLimiterActive": false,
            "rpmLimiterTime": 0.0,
            "tcsActivationTime": 0.0
          },
          "gearbox": {
            "L": 0.0,
            "manualGear": 0,
            "manualRatio": 0.0,
            "engaged": false,
            "lastEngagedTime": 0.0,
            "lastAutoShiftTime": 0.0,
            "vehicleMoving": false,
            "gearMode": 0,
            "automaticGear": 0,
            "automaticRatio": 0.0,
            "transition": false,
            "transitionStartedTime": 0.0,
            "fromGear": 0,
            "toGear": 0,
            "fromRatio": 0.0,
            "toRatio": 0.0,
            "transitionRatio": 0.0
          },
          "lastVelocity": {
            "x": -0.30620181560516357,
            "y": 2.3692846298217773E-06,
            "z": -0.16792556643486023
          }
        }
      },
      "velocityType": 1,
      "linkVelocity": 85.0,
      "constantVelocity": 60.0,
      "desiredVelocity": 1.7000000476837158,
      "currentVelocity": 1.2570221424102783,
      "viewCurrentVelocity": 1.1299999952316284,
      "isCloseLoop": true,
      "isLaneChange": false,
      "isEgo": false,
      "spawnPointUniqueID": -1,
      "destinationUniqueID": 8,
      "startPointLinkInfo": {
        "linkIdx": "5",
        "pointIdx": 0
      },
      "endPointLinkInfo": {
        "linkIdx": "",
        "pointIdx": 0
      },
      "currentLinkInfo": {
        "linkIdx": "8",
        "pointIdx": 8
      },
      "loopStartLinkInfo": {
        "linkIdx": "7",
        "pointIdx": 2
      },
      "v2vUDPSessionInfo": {
        "isInit": false,
        "v2vConfig": {
          "hostIP": "0.0.0.0",
          "Port": 5643,
          "receiveTimeout": 0,
          "BuffSize": 8196,
          "surroundVehiclePubTime": 100
        }
      },
      "latBiasMode": 1,
      "bias": 0.0,
      "destinationMode": 1,
      "vehicleModelType": 257
    },
    {
      "DataID": 30600006,
      "UNIQUEID": 3,
      "m_eobstacleObjType": 1,
      "initPosition": {
        "initPositionMode": "Absolute",
        "pos": {
          "x": 13.515000343322754,
          "y": 1.1720000505447388,
          "z": 0.030999999493360519,
          "_x": "13.515",
          "_y": "1.172",
          "_z": "0.031"
        },
        "rot": {
          "roll": "-359.949",
          "pitch": "0.612",
          "yaw": "147.580"
        },
        "initLink": "6",
        "initLinkRatio": 0,
        "gear": 4,
        "vehicleSaveData": {
          "velocity": 1.2607002258300781,
          "inputData": [
            -6313,
            236,
            0,
            0,
            0,
            0,
            4,
            0,
            0,
            0
          ],
          "vehicle": {
            "time": 418.48855590820313,
            "lastVelocity": {
              "x": 0.31463596224784851,
              "y": 1.8924474716186523E-06,
              "z": -0.15394251048564911
            },
            "lastImpactTime": 0.0
          },
          "wheels": [
            {
              "L": 0.11078741401433945,
              "Tr": -0.542152464389801,
              "contactDepth": 0.017658306285738945,
              "lastTireForce": {
                "x": -1.2946606874465942,
                "y": 18.071748733520508
              }
            },
            {
              "L": 0.12568940222263336,
              "Tr": -0.1683577299118042,
              "contactDepth": 0.017819499596953392,
              "lastTireForce": {
                "x": -7.9929904937744141,
                "y": 5.6119065284729
              }
            },
            {
              "L": 0.10810008645057678,
              "Tr": 0.1418699324131012,
              "contactDepth": 0.014878252521157265,
              "lastTireForce": {
                "x": 3.08854603767395,
                "y": -4.7289977073669434
              }
            },
            {
              "L": 0.1237608939409256,
              "Tr": 0.53473001718521118,
              "contactDepth": 0.015043636783957481,
              "lastTireForce": {
                "x": 2.9750335216522217,
                "y": -17.804594039916992
              }
            }
          ],
          "engine": {
            "L": 0.0,
            "Treaction": 0.0,
            "rpmLimiterActive": false,
            "rpmLimiterTime": 0.0,
            "tcsActivationTime": 0.0
          },
          "gearbox": {
            "L": 0.0,
            "manualGear": 0,
            "manualRatio": 0.0,
            "engaged": false,
            "lastEngagedTime": 0.0,
            "lastAutoShiftTime": 0.0,
            "vehicleMoving": false,
            "gearMode": 0,
            "automaticGear": 0,
            "automaticRatio": 0.0,
            "transition": false,
            "transitionStartedTime": 0.0,
            "fromGear": 0,
            "toGear": 0,
            "fromRatio": 0.0,
            "toRatio": 0.0,
            "transitionRatio": 0.0
          },
          "lastVelocity": {
            "x": 0.31463596224784851,
            "y": 1.8924474716186523E-06,
            "z": -0.15394251048564911
          }
        }
      },
      "velocityType": 1,
      "linkVelocity": 85.0,
      "constantVelocity": 60.0,
      "desiredVelocity": 1.7000000476837158,
      "currentVelocity": 1.2607002258300781,
      "viewCurrentVelocity": 1.0,
      "isCloseLoop": true,
      "isLaneChange": false,
      "isEgo": false,
      "spawnPointUniqueID": -1,
      "destinationUniqueID": 7,
      "startPointLinkInfo": {
        "linkIdx": "6",
        "pointIdx": 3
      },
      "endPointLinkInfo": {
        "linkIdx": "",
        "pointIdx": 0
      },
      "currentLinkInfo": {
        "linkIdx": "6",
        "pointIdx": 1
      },
      "loopStartLinkInfo": {
        "linkIdx": "8",
        "pointIdx": 6
      },
      "v2vUDPSessionInfo": {
        "isInit": false,
        "v2vConfig": {
          "hostIP": "0.0.0.0",
          "Port": 5644,
          "receiveTimeout": 0,
          "BuffSize": 8196,
          "surroundVehiclePubTime": 100
        }
      },
      "latBiasMode": 1,
      "bias": 0.0,
      "destinationMode": 1,
      "vehicleModelType": 257
    },
    {
      "DataID": 30600006,
      "UNIQUEID": 4,
      "m_eobstacleObjType": 1,
      "initPosition": {
        "initPositionMode": "Absolute",
        "pos": {
          "x": 11.444999694824219,
          "y": 0.21899999678134918,
          "z": 0.030999999493360519,
          "_x": "11.445",
          "_y": "0.219",
          "_z": "0.031"
        },
        "rot": {
          "roll": "-359.945",
          "pitch": "0.613",
          "yaw": "-100.288"
        },
        "initLink": "7",
        "initLinkRatio": 0,
        "gear": 4,
        "vehicleSaveData": {
          "velocity": 1.2565090656280518,
          "inputData": [
            -6902,
            240,
            0,
            0,
            0,
            0,
            4,
            0,
            0,
            0
          ],
          "vehicle": {
            "time": 418.48855590820313,
            "lastVelocity": {
              "x": 0.020883621647953987,
              "y": -8.0466270446777344E-07,
              "z": 0.34842240810394287
            },
            "lastImpactTime": 0.0
          },
          "wheels": [
            {
              "L": 0.11006183177232742,
              "Tr": -0.56503450870513916,
              "contactDepth": 0.017654495313763618,
              "lastTireForce": {
                "x": -1.5442593097686768,
                "y": 18.737129211425781
              }
            },
            {
              "L": 0.12604315578937531,
              "Tr": -0.15859796106815338,
              "contactDepth": 0.017826808616518974,
              "lastTireForce": {
                "x": -9.4070272445678711,
                "y": 5.2865924835205078
              }
            },
            {
              "L": 0.10695552825927734,
              "Tr": 0.11977659910917282,
              "contactDepth": 0.014870757237076759,
              "lastTireForce": {
                "x": 3.2101399898529053,
                "y": -3.9925534725189209
              }
            },
            {
              "L": 0.12382293492555618,
              "Tr": 0.54884976148605347,
              "contactDepth": 0.015047622844576836,
              "lastTireForce": {
                "x": 3.1040513515472412,
                "y": -18.208839416503906
              }
            }
          ],
          "engine": {
            "L": 0.0,
            "Treaction": 0.0,
            "rpmLimiterActive": false,
            "rpmLimiterTime": 0.0,
            "tcsActivationTime": 0.0
          },
          "gearbox": {
            "L": 0.0,
            "manualGear": 0,
            "manualRatio": 0.0,
            "engaged": false,
            "lastEngagedTime": 0.0,
            "lastAutoShiftTime": 0.0,
            "vehicleMoving": false,
            "gearMode": 0,
            "automaticGear": 0,
            "automaticRatio": 0.0,
            "transition": false,
            "transitionStartedTime": 0.0,
            "fromGear": 0,
            "toGear": 0,
            "fromRatio": 0.0,
            "toRatio": 0.0,
            "transitionRatio": 0.0
          },
          "lastVelocity": {
            "x": 0.020883621647953987,
            "y": -8.0466270446777344E-07,
            "z": 0.34842240810394287
          }
        }
      },
      "velocityType": 1,
      "linkVelocity": 85.0,
      "constantVelocity": 60.0,
      "desiredVelocity": 1.7000000476837158,
      "currentVelocity": 1.2565090656280518,
      "viewCurrentVelocity": 1.1799999475479126,
      "isCloseLoop": true,
      "isLaneChange": false,
      "isEgo": false,
      "spawnPointUniqueID": -1,
      "destinationUniqueID": 1,
      "startPointLinkInfo": {
        "linkIdx": "7",
        "pointIdx": 7
      },
      "endPointLinkInfo": {
        "linkIdx": "",
        "pointIdx": 0
      },
      "currentLinkInfo": {
        "linkIdx": "7",
        "pointIdx": 4
      },
      "loopStartLinkInfo": {
        "linkIdx": "5",
        "pointIdx": 10
      },
      "v2vUDPSessionInfo": {
        "isInit": false,
        "v2vConfig": {
          "hostIP": "0.0.0.0",
          "Port": 5645,
          "receiveTimeout": 0,
          "BuffSize": 8196,
          "surroundVehiclePubTime": 100
        }
      },
      "latBiasMode": 1,
      "bias": 0.0,
      "destinationMode": 1,
      "vehicleModelType": 257
    },
    {
      "DataID": 30600006,
      "UNIQUEID": 72,
      "m_eobstacleObjType": 1,
      "initPosition": {
        "initPositionMode": "Absolute",
        "pos": {
          "x": -9.1309995651245117,
          "y": -5.0749998092651367,
          "z": 0.030999999493360519,
          "_x": "-9.131",
          "_y": "-5.075",
          "_z": "0.031"
        },
        "rot": {
          "roll": "-359.976",
          "pitch": "0.610",
          "yaw": "-179.992"
        },
        "initLink": "191",
        "initLinkRatio": 0,
        "gear": 4,
        "vehicleSaveData": {
          "velocity": 4.9505899823998334E-07,
          "inputData": [
            5,
            0,
            10000,
            0,
            0,
            0,
            4,
            0,
            0,
            0
          ],
          "vehicle": {
            "time": 215.22915649414063,
            "lastVelocity": {
              "x": 5.9244417371928648E-08,
              "y": -1.7881392011531716E-07,
              "z": -1.0560358276734405E-07
            },
            "lastImpactTime": 0.0
          },
          "wheels": [
            {
              "L": 5.5978289901668574E-18,
              "Tr": 2.259124326479023E-15,
              "contactDepth": 0.017694780603051186,
              "lastTireForce": {
                "x": 1.3170106285542715E-05,
                "y": 5.0048316779793822E-07
              }
            },
            {
              "L": -1.7513210865782551E-16,
              "Tr": -2.259124326479023E-15,
              "contactDepth": 0.01777578704059124,
              "lastTireForce": {
                "x": 1.3230322110757697E-05,
                "y": 5.1170911774534034E-07
              }
            },
            {
              "L": -1.3702282581143366E-16,
              "Tr": -1.3042600616327508E-15,
              "contactDepth": 0.014923149719834328,
              "lastTireForce": {
                "x": 1.111515757656889E-05,
                "y": 5.0030689635605086E-07
              }
            },
            {
              "L": -3.2682025115978331E-17,
              "Tr": 1.3042600616327508E-15,
              "contactDepth": 0.0150062907487154,
              "lastTireForce": {
                "x": 1.1177005944773555E-05,
                "y": 5.118259309710993E-07
              }
            }
          ],
          "engine": {
            "L": 0.0,
            "Treaction": 0.0,
            "rpmLimiterActive": false,
            "rpmLimiterTime": 0.0,
            "tcsActivationTime": 0.0
          },
          "gearbox": {
            "L": 0.0,
            "manualGear": 0,
            "manualRatio": 0.0,
            "engaged": false,
            "lastEngagedTime": 0.0,
            "lastAutoShiftTime": 0.0,
            "vehicleMoving": false,
            "gearMode": 0,
            "automaticGear": 0,
            "automaticRatio": 0.0,
            "transition": false,
            "transitionStartedTime": 0.0,
            "fromGear": 0,
            "toGear": 0,
            "fromRatio": 0.0,
            "toRatio": 0.0,
            "transitionRatio": 0.0
          },
          "lastVelocity": {
            "x": 5.9244417371928648E-08,
            "y": -1.7881392011531716E-07,
            "z": -1.0560358276734405E-07
          }
        }
      },
      "velocityType": 1,
      "linkVelocity": 0.0,
      "constantVelocity": 60.0,
      "desiredVelocity": 0.0,
      "currentVelocity": 4.9505899823998334E-07,
      "viewCurrentVelocity": 0.0,
      "isCloseLoop": false,
      "isLaneChange": false,
      "isEgo": false,
      "spawnPointUniqueID": -1,
      "destinationUniqueID": -1,
      "startPointLinkInfo": {
        "linkIdx": "191",
        "pointIdx": 13
      },
      "endPointLinkInfo": {
        "linkIdx": "LN000000",
        "pointIdx": 80
      },
      "currentLinkInfo": {
        "linkIdx": "191",
        "pointIdx": 14
      },
      "loopStartLinkInfo": {
        "linkIdx": "",
        "pointIdx": 0
      },
      "v2vUDPSessionInfo": {
        "isInit": false,
        "v2vConfig": {
          "hostIP": "0.0.0.0",
          "Port": 5713,
          "receiveTimeout": 0,
          "BuffSize": 8196,
          "surroundVehiclePubTime": 100
        }
      },
      "latBiasMode": 1,
      "bias": 0.0,
      "destinationMode": 1,
      "vehicleModelType": 257
    },
    {
      "DataID": 30600006,
      "UNIQUEID": 74,
      "m_eobstacleObjType": 1,
      "initPosition": {
        "initPositionMode": "Absolute",
        "pos": {
          "x": -11.333000183105469,
          "y": -5.4239997863769531,
          "z": 0.030999999493360519,
          "_x": "-11.333",
          "_y": "-5.424",
          "_z": "0.031"
        },
        "rot": {
          "roll": "-359.976",
          "pitch": "0.610",
          "yaw": "-0.010"
        },
        "initLink": "192",
        "initLinkRatio": 0,
        "gear": 4,
        "vehicleSaveData": {
          "velocity": 3.6832616956417041E-07,
          "inputData": [
            -7,
            0,
            10000,
            0,
            0,
            0,
            4,
            0,
            0,
            0
          ],
          "vehicle": {
            "time": 213.6688232421875,
            "lastVelocity": {
              "x": -6.8151905452396022E-08,
              "y": 4.4703476476115611E-08,
              "z": 1.1223684737160511E-07
            },
            "lastImpactTime": 0.0
          },
          "wheels": [
            {
              "L": 0.0,
              "Tr": 0.0,
              "contactDepth": 0.01769481785595417,
              "lastTireForce": {
                "x": -1.0068806659546681E-05,
                "y": 5.7444179901722237E-07
              }
            },
            {
              "L": 0.0,
              "Tr": 0.0,
              "contactDepth": 0.017775757238268852,
              "lastTireForce": {
                "x": -1.0114769793290179E-05,
                "y": 6.0163188209116925E-07
              }
            },
            {
              "L": 0.0,
              "Tr": 0.0,
              "contactDepth": 0.014923183247447014,
              "lastTireForce": {
                "x": -8.4725907072424889E-06,
                "y": 5.7401456388106453E-07
              }
            },
            {
              "L": 0.0,
              "Tr": 0.0,
              "contactDepth": 0.015006246045231819,
              "lastTireForce": {
                "x": -8.5197152657201514E-06,
                "y": 6.0191518969077151E-07
              }
            }
          ],
          "engine": {
            "L": 0.0,
            "Treaction": 0.0,
            "rpmLimiterActive": false,
            "rpmLimiterTime": 0.0,
            "tcsActivationTime": 0.0
          },
          "gearbox": {
            "L": 0.0,
            "manualGear": 0,
            "manualRatio": 0.0,
            "engaged": false,
            "lastEngagedTime": 0.0,
            "lastAutoShiftTime": 0.0,
            "vehicleMoving": false,
            "gearMode": 0,
            "automaticGear": 0,
            "automaticRatio": 0.0,
            "transition": false,
            "transitionStartedTime": 0.0,
            "fromGear": 0,
            "toGear": 0,
            "fromRatio": 0.0,
            "toRatio": 0.0,
            "transitionRatio": 0.0
          },
          "lastVelocity": {
            "x": -6.8151905452396022E-08,
            "y": 4.4703476476115611E-08,
            "z": 1.1223684737160511E-07
          }
        }
      },
      "velocityType": 1,
      "linkVelocity": 0.0,
      "constantVelocity": 60.0,
      "desiredVelocity": 0.0,
      "currentVelocity": 3.6832616956417041E-07,
      "viewCurrentVelocity": 0.0,
      "isCloseLoop": false,
      "isLaneChange": false,
      "isEgo": false,
      "spawnPointUniqueID": -1,
      "destinationUniqueID": -1,
      "startPointLinkInfo": {
        "linkIdx": "192",
        "pointIdx": 137
      },
      "endPointLinkInfo": {
        "linkIdx": "192",
        "pointIdx": 163
      },
      "currentLinkInfo": {
        "linkIdx": "192",
        "pointIdx": 137
      },
      "loopStartLinkInfo": {
        "linkIdx": "",
        "pointIdx": 0
      },
      "v2vUDPSessionInfo": {
        "isInit": false,
        "v2vConfig": {
          "hostIP": "0.0.0.0",
          "Port": 5715,
          "receiveTimeout": 0,
          "BuffSize": 8196,
          "surroundVehiclePubTime": 100
        }
      },
      "latBiasMode": 1,
      "bias": 0.0,
      "destinationMode": 1,
      "vehicleModelType": 257
    }
  ],
  "pedestrianList": [
    {
      "DataID": 50100039,
      "UNIQUEID": 75,
      "m_eobstacleObjType": 2,
      "pos": {
        "x": 4.2170000076293945,
        "y": 5.7750000953674316,
        "z": 0.0,
        "_x": "4.217",
        "_y": "5.775",
        "_z": "0.000"
      },
      "rot": {
        "roll": "0.000",
        "pitch": "0.000",
        "yaw": "-90.000"
      },
      "activeDistance": 1.0,
      "speed": 2.0,
      "active": true,
      "loop": false,
      "initPos": {
        "x": -4.2170000076293945,
        "y": 0.0,
        "z": -5.7750000953674316,
        "_x": "-4.217",
        "_y": "0.000",
        "_z": "-5.775"
      },
      "initRot": {
        "roll": "0.000",
        "pitch": "0.000",
        "yaw": "0.000"
      },
      "movingDistance": 2.0,
      "movingDistanceAmount": 0.0,
      "standardPos": {
        "x": -4.2170000076293945,
        "y": 0.0,
        "z": -5.7750000953674316,
        "_x": "-4.217",
        "_y": "0.000",
        "_z": "-5.775"
      },
      "anim": {
        "m_FileID": -255472,
        "m_PathID": 0
      },
      "stateNameHash": 2081823275,
      "stateNormalizedTime": 16.793888092041016,
      "pedestrianBehavior": 1,
      "pedestrianType": 0,
      "listObjIDForBehavior": [],
      "animSpeed": 0.0
    },
    {
      "DataID": 50100039,
      "UNIQUEID": 76,
      "m_eobstacleObjType": 2,
      "pos": {
        "x": 2.7090001106262207,
        "y": 3.9600000381469727,
        "z": 0.0,
        "_x": "2.709",
        "_y": "3.960",
        "_z": "0.000"
      },
      "rot": {
        "roll": "0.000",
        "pitch": "0.000",
        "yaw": "90.000"
      },
      "activeDistance": 2.0,
      "speed": 3.0,
      "active": true,
      "loop": false,
      "initPos": {
        "x": -2.7090001106262207,
        "y": 0.0,
        "z": -3.9600000381469727,
        "_x": "-2.709",
        "_y": "0.000",
        "_z": "-3.960"
      },
      "initRot": {
        "roll": "0.000",
        "pitch": "180.000",
        "yaw": "0.000"
      },
      "movingDistance": 2.0,
      "movingDistanceAmount": 0.0,
      "standardPos": {
        "x": -2.7090001106262207,
        "y": 0.0,
        "z": -3.9600000381469727,
        "_x": "-2.709",
        "_y": "0.000",
        "_z": "-3.960"
      },
      "anim": {
        "m_FileID": -268878,
        "m_PathID": 0
      },
      "stateNameHash": 2081823275,
      "stateNormalizedTime": 15.328492164611816,
      "pedestrianBehavior": 1,
      "pedestrianType": 0,
      "listObjIDForBehavior": [],
      "animSpeed": 0.0
    }
  ],
  "objectList": [
    {
      "DataID": 40200086,
      "UNIQUEID": 71,
      "m_eobstacleObjType": 4,
      "pos": {
        "x": -15.390000343322754,
        "y": -4.9099998474121094,
        "z": 0.0,
        "_x": "-15.390",
        "_y": "-4.910",
        "_z": "0.000"
      },
      "rot": {
        "roll": "0.000",
        "pitch": "0.000",
        "yaw": "-89.999"
      },
      "scale": {
        "x": 0.30000001192092896,
        "y": 0.30000001192092896,
        "z": 0.30000001192092896,
        "_x": "0.300",
        "_y": "0.300",
        "_z": "0.300"
      }
    },
    {
      "DataID": 40200086,
      "UNIQUEID": 10,
      "m_eobstacleObjType": 4,
      "pos": {
        "x": -15.409999847412109,
        "y": 5.5520000457763672,
        "z": 0.0,
        "_x": "-15.410",
        "_y": "5.552",
        "_z": "0.000"
      },
      "rot": {
        "roll": "0.000",
        "pitch": "0.000",
        "yaw": "-89.998"
      },
      "scale": {
        "x": 0.30000001192092896,
        "y": 0.30000001192092896,
        "z": 0.30000001192092896,
        "_x": "0.300",
        "_y": "0.300",
        "_z": "0.300"
      }
    },
    {
      "DataID": 40200086,
      "UNIQUEID": 6,
      "m_eobstacleObjType": 4,
      "pos": {
        "x": -14.954999923706055,
        "y": 5.5970001220703125,
        "z": 0.0,
        "_x": "-14.955",
        "_y": "5.597",
        "_z": "0.000"
      },
      "rot": {
        "roll": "0.000",
        "pitch": "0.000",
        "yaw": "-89.998"
      },
      "scale": {
        "x": 0.30000001192092896,
        "y": 0.30000001192092896,
        "z": 0.30000001192092896,
        "_x": "0.300",
        "_y": "0.300",
        "_z": "0.300"
      }
    },
    {
      "DataID": 40200086,
      "UNIQUEID": 12,
      "m_eobstacleObjType": 4,
      "pos": {
        "x": -15.802000045776367,
        "y": 5.3769998550415039,
        "z": 0.0,
        "_x": "-15.802",
        "_y": "5.377",
        "_z": "0.000"
      },
      "rot": {
        "roll": "0.000",
        "pitch": "0.000",
        "yaw": "-89.998"
      },
      "scale": {
        "x": 0.30000001192092896,
        "y": 0.30000001192092896,
        "z": 0.30000001192092896,
        "_x": "0.300",
        "_y": "0.300",
        "_z": "0.300"
      }
    },
    {
      "DataID": 40200086,
      "UNIQUEID": 11,
      "m_eobstacleObjType": 4,
      "pos": {
        "x": -15.27400016784668,
        "y": 4.9520001411437988,
        "z": 0.0,
        "_x": "-15.274",
        "_y": "4.952",
        "_z": "0.000"
      },
      "rot": {
        "roll": "0.000",
        "pitch": "0.000",
        "yaw": "-89.593"
      },
      "scale": {
        "x": 0.30000001192092896,
        "y": 0.30000001192092896,
        "z": 0.30000001192092896,
        "_x": "0.300",
        "_y": "0.300",
        "_z": "0.300"
      }
    },
    {
      "DataID": 40200086,
      "UNIQUEID": 14,
      "m_eobstacleObjType": 4,
      "pos": {
        "x": -16.125,
        "y": 5.10699987411499,
        "z": 0.0,
        "_x": "-16.125",
        "_y": "5.107",
        "_z": "0.000"
      },
      "rot": {
        "roll": "0.000",
        "pitch": "0.000",
        "yaw": "-89.998"
      },
      "scale": {
        "x": 0.30000001192092896,
        "y": 0.30000001192092896,
        "z": 0.30000001192092896,
        "_x": "0.300",
        "_y": "0.300",
        "_z": "0.300"
      }
    },
    {
      "DataID": 40200086,
      "UNIQUEID": 16,
      "m_eobstacleObjType": 4,
      "pos": {
        "x": -16.461000442504883,
        "y": 4.7849998474121094,
        "z": 0.0,
        "_x": "-16.461",
        "_y": "4.785",
        "_z": "0.000"
      },
      "rot": {
        "roll": "0.000",
        "pitch": "0.000",
        "yaw": "-89.998"
      },
      "scale": {
        "x": 0.30000001192092896,
        "y": 0.30000001192092896,
        "z": 0.30000001192092896,
        "_x": "0.300",
        "_y": "0.300",
        "_z": "0.300"
      }
    },
    {
      "DataID": 40200086,
      "UNIQUEID": 13,
      "m_eobstacleObjType": 4,
      "pos": {
        "x": -15.531999588012695,
        "y": 4.6869997978210449,
        "z": 0.0,
        "_x": "-15.532",
        "_y": "4.687",
        "_z": "0.000"
      },
      "rot": {
        "roll": "0.000",
        "pitch": "0.000",
        "yaw": "-89.998"
      },
      "scale": {
        "x": 0.30000001192092896,
        "y": 0.30000001192092896,
        "z": 0.30000001192092896,
        "_x": "0.300",
        "_y": "0.300",
        "_z": "0.300"
      }
    },
    {
      "DataID": 40200086,
      "UNIQUEID": 15,
      "m_eobstacleObjType": 4,
      "pos": {
        "x": -15.805999755859375,
        "y": 4.370999813079834,
        "z": 0.0,
        "_x": "-15.806",
        "_y": "4.371",
        "_z": "0.000"
      },
      "rot": {
        "roll": "0.000",
        "pitch": "0.000",
        "yaw": "-89.998"
      },
      "scale": {
        "x": 0.30000001192092896,
        "y": 0.30000001192092896,
        "z": 0.30000001192092896,
        "_x": "0.300",
        "_y": "0.300",
        "_z": "0.300"
      }
    },
    {
      "DataID": 40200086,
      "UNIQUEID": 17,
      "m_eobstacleObjType": 4,
      "pos": {
        "x": -16.573999404907227,
        "y": 4.38700008392334,
        "z": 0.0,
        "_x": "-16.574",
        "_y": "4.387",
        "_z": "0.000"
      },
      "rot": {
        "roll": "0.000",
        "pitch": "0.000",
        "yaw": "-89.998"
      },
      "scale": {
        "x": 0.30000001192092896,
        "y": 0.30000001192092896,
        "z": 0.30000001192092896,
        "_x": "0.300",
        "_y": "0.300",
        "_z": "0.300"
      }
    },
    {
      "DataID": 40200086,
      "UNIQUEID": 19,
      "m_eobstacleObjType": 4,
      "pos": {
        "x": -16.631000518798828,
        "y": 3.9590001106262207,
        "z": 0.0,
        "_x": "-16.631",
        "_y": "3.959",
        "_z": "0.000"
      },
      "rot": {
        "roll": "0.000",
        "pitch": "0.000",
        "yaw": "-89.998"
      },
      "scale": {
        "x": 0.30000001192092896,
        "y": 0.30000001192092896,
        "z": 0.30000001192092896,
        "_x": "0.300",
        "_y": "0.300",
        "_z": "0.300"
      }
    },
    {
      "DataID": 40200086,
      "UNIQUEID": 18,
      "m_eobstacleObjType": 4,
      "pos": {
        "x": -15.782999992370605,
        "y": 3.9630000591278076,
        "z": 0.0,
        "_x": "-15.783",
        "_y": "3.963",
        "_z": "0.000"
      },
      "rot": {
        "roll": "0.000",
        "pitch": "0.000",
        "yaw": "-89.998"
      },
      "scale": {
        "x": 0.30000001192092896,
        "y": 0.30000001192092896,
        "z": 0.30000001192092896,
        "_x": "0.300",
        "_y": "0.300",
        "_z": "0.300"
      }
    },
    {
      "DataID": 40200086,
      "UNIQUEID": 21,
      "m_eobstacleObjType": 4,
      "pos": {
        "x": -16.496999740600586,
        "y": 3.5290000438690186,
        "z": 0.0,
        "_x": "-16.497",
        "_y": "3.529",
        "_z": "0.000"
      },
      "rot": {
        "roll": "0.000",
        "pitch": "0.000",
        "yaw": "-89.998"
      },
      "scale": {
        "x": 0.30000001192092896,
        "y": 0.30000001192092896,
        "z": 0.30000001192092896,
        "_x": "0.300",
        "_y": "0.300",
        "_z": "0.300"
      }
    },
    {
      "DataID": 40200086,
      "UNIQUEID": 20,
      "m_eobstacleObjType": 4,
      "pos": {
        "x": -15.687999725341797,
        "y": 3.6429998874664307,
        "z": 0.0,
        "_x": "-15.688",
        "_y": "3.643",
        "_z": "0.000"
      },
      "rot": {
        "roll": "0.000",
        "pitch": "0.000",
        "yaw": "-89.998"
      },
      "scale": {
        "x": 0.30000001192092896,
        "y": 0.30000001192092896,
        "z": 0.30000001192092896,
        "_x": "0.300",
        "_y": "0.300",
        "_z": "0.300"
      }
    },
    {
      "DataID": 40200086,
      "UNIQUEID": 22,
      "m_eobstacleObjType": 4,
      "pos": {
        "x": -16.323999404907227,
        "y": 3.1319999694824219,
        "z": 0.0,
        "_x": "-16.324",
        "_y": "3.132",
        "_z": "0.000"
      },
      "rot": {
        "roll": "0.000",
        "pitch": "0.000",
        "yaw": "-89.998"
      },
      "scale": {
        "x": 0.30000001192092896,
        "y": 0.30000001192092896,
        "z": 0.30000001192092896,
        "_x": "0.300",
        "_y": "0.300",
        "_z": "0.300"
      }
    },
    {
      "DataID": 40200086,
      "UNIQUEID": 25,
      "m_eobstacleObjType": 4,
      "pos": {
        "x": -16.136999130249023,
        "y": 2.7939999103546143,
        "z": 0.0,
        "_x": "-16.137",
        "_y": "2.794",
        "_z": "0.000"
      },
      "rot": {
        "roll": "0.000",
        "pitch": "0.000",
        "yaw": "-89.998"
      },
      "scale": {
        "x": 0.30000001192092896,
        "y": 0.30000001192092896,
        "z": 0.30000001192092896,
        "_x": "0.300",
        "_y": "0.300",
        "_z": "0.300"
      }
    },
    {
      "DataID": 40200086,
      "UNIQUEID": 23,
      "m_eobstacleObjType": 4,
      "pos": {
        "x": -15.489999771118164,
        "y": 3.2750000953674316,
        "z": 0.0,
        "_x": "-15.490",
        "_y": "3.275",
        "_z": "0.000"
      },
      "rot": {
        "roll": "0.000",
        "pitch": "0.000",
        "yaw": "-89.998"
      },
      "scale": {
        "x": 0.30000001192092896,
        "y": 0.30000001192092896,
        "z": 0.30000001192092896,
        "_x": "0.300",
        "_y": "0.300",
        "_z": "0.300"
      }
    },
    {
      "DataID": 40200086,
      "UNIQUEID": 24,
      "m_eobstacleObjType": 4,
      "pos": {
        "x": -15.357999801635742,
        "y": 2.9119999408721924,
        "z": 0.0,
        "_x": "-15.358",
        "_y": "2.912",
        "_z": "0.000"
      },
      "rot": {
        "roll": "0.000",
        "pitch": "0.000",
        "yaw": "-89.998"
      },
      "scale": {
        "x": 0.30000001192092896,
        "y": 0.30000001192092896,
        "z": 0.30000001192092896,
        "_x": "0.300",
        "_y": "0.300",
        "_z": "0.300"
      }
    },
    {
      "DataID": 40200086,
      "UNIQUEID": 26,
      "m_eobstacleObjType": 4,
      "pos": {
        "x": -15.918000221252441,
        "y": 2.1400001049041748,
        "z": 0.0,
        "_x": "-15.918",
        "_y": "2.140",
        "_z": "0.000"
      },
      "rot": {
        "roll": "0.000",
        "pitch": "0.000",
        "yaw": "-89.998"
      },
      "scale": {
        "x": 0.30000001192092896,
        "y": 0.30000001192092896,
        "z": 0.30000001192092896,
        "_x": "0.300",
        "_y": "0.300",
        "_z": "0.300"
      }
    },
    {
      "DataID": 40200086,
      "UNIQUEID": 27,
      "m_eobstacleObjType": 4,
      "pos": {
        "x": -15.163000106811523,
        "y": 2.61899995803833,
        "z": 0.0,
        "_x": "-15.163",
        "_y": "2.619",
        "_z": "0.000"
      },
      "rot": {
        "roll": "0.000",
        "pitch": "0.000",
        "yaw": "-89.998"
      },
      "scale": {
        "x": 0.30000001192092896,
        "y": 0.30000001192092896,
        "z": 0.30000001192092896,
        "_x": "0.300",
        "_y": "0.300",
        "_z": "0.300"
      }
    },
    {
      "DataID": 40200086,
      "UNIQUEID": 28,
      "m_eobstacleObjType": 4,
      "pos": {
        "x": -15.130999565124512,
        "y": 2.246999979019165,
        "z": 0.0,
        "_x": "-15.131",
        "_y": "2.247",
        "_z": "0.000"
      },
      "rot": {
        "roll": "0.000",
        "pitch": "0.000",
        "yaw": "-89.998"
      },
      "scale": {
        "x": 0.30000001192092896,
        "y": 0.30000001192092896,
        "z": 0.30000001192092896,
        "_x": "0.300",
        "_y": "0.300",
        "_z": "0.300"
      }
    },
    {
      "DataID": 40200086,
      "UNIQUEID": 29,
      "m_eobstacleObjType": 4,
      "pos": {
        "x": -16.075000762939453,
        "y": 1.8450000286102295,
        "z": 0.0,
        "_x": "-16.075",
        "_y": "1.845",
        "_z": "0.000"
      },
      "rot": {
        "roll": "0.000",
        "pitch": "0.000",
        "yaw": "-90.107"
      },
      "scale": {
        "x": 0.30000001192092896,
        "y": 0.30000001192092896,
        "z": 0.30000001192092896,
        "_x": "0.300",
        "_y": "0.300",
        "_z": "0.300"
      }
    },
    {
      "DataID": 40200086,
      "UNIQUEID": 30,
      "m_eobstacleObjType": 4,
      "pos": {
        "x": -16.297000885009766,
        "y": 1.5789999961853027,
        "z": 0.0,
        "_x": "-16.297",
        "_y": "1.579",
        "_z": "0.000"
      },
      "rot": {
        "roll": "0.000",
        "pitch": "0.000",
        "yaw": "-89.998"
      },
      "scale": {
        "x": 0.30000001192092896,
        "y": 0.30000001192092896,
        "z": 0.30000001192092896,
        "_x": "0.300",
        "_y": "0.300",
        "_z": "0.300"
      }
    },
    {
      "DataID": 40200086,
      "UNIQUEID": 31,
      "m_eobstacleObjType": 4,
      "pos": {
        "x": -15.187000274658203,
        "y": 1.8990000486373901,
        "z": 0.0,
        "_x": "-15.187",
        "_y": "1.899",
        "_z": "0.000"
      },
      "rot": {
        "roll": "0.000",
        "pitch": "0.000",
        "yaw": "-89.885"
      },
      "scale": {
        "x": 0.30000001192092896,
        "y": 0.30000001192092896,
        "z": 0.30000001192092896,
        "_x": "0.300",
        "_y": "0.300",
        "_z": "0.300"
      }
    },
    {
      "DataID": 40200086,
      "UNIQUEID": 32,
      "m_eobstacleObjType": 4,
      "pos": {
        "x": -16.628999710083008,
        "y": 1.2920000553131104,
        "z": 0.0,
        "_x": "-16.629",
        "_y": "1.292",
        "_z": "0.000"
      },
      "rot": {
        "roll": "0.000",
        "pitch": "0.000",
        "yaw": "-89.486"
      },
      "scale": {
        "x": 0.30000001192092896,
        "y": 0.30000001192092896,
        "z": 0.30000001192092896,
        "_x": "0.300",
        "_y": "0.300",
        "_z": "0.300"
      }
    },
    {
      "DataID": 40200086,
      "UNIQUEID": 33,
      "m_eobstacleObjType": 4,
      "pos": {
        "x": -15.388999938964844,
        "y": 1.5690000057220459,
        "z": 0.0,
        "_x": "-15.389",
        "_y": "1.569",
        "_z": "0.000"
      },
      "rot": {
        "roll": "0.000",
        "pitch": "0.000",
        "yaw": "-89.998"
      },
      "scale": {
        "x": 0.30000001192092896,
        "y": 0.30000001192092896,
        "z": 0.30000001192092896,
        "_x": "0.300",
        "_y": "0.300",
        "_z": "0.300"
      }
    },
    {
      "DataID": 40200086,
      "UNIQUEID": 34,
      "m_eobstacleObjType": 4,
      "pos": {
        "x": -16.934000015258789,
        "y": 1.0099999904632568,
        "z": 0.0,
        "_x": "-16.934",
        "_y": "1.010",
        "_z": "0.000"
      },
      "rot": {
        "roll": "0.000",
        "pitch": "0.000",
        "yaw": "-89.602"
      },
      "scale": {
        "x": 0.30000001192092896,
        "y": 0.30000001192092896,
        "z": 0.30000001192092896,
        "_x": "0.300",
        "_y": "0.300",
        "_z": "0.300"
      }
    },
    {
      "DataID": 40200086,
      "UNIQUEID": 35,
      "m_eobstacleObjType": 4,
      "pos": {
        "x": -15.607999801635742,
        "y": 1.2239999771118164,
        "z": 0.0,
        "_x": "-15.608",
        "_y": "1.224",
        "_z": "0.000"
      },
      "rot": {
        "roll": "0.000",
        "pitch": "0.000",
        "yaw": "-89.998"
      },
      "scale": {
        "x": 0.30000001192092896,
        "y": 0.30000001192092896,
        "z": 0.30000001192092896,
        "_x": "0.300",
        "_y": "0.300",
        "_z": "0.300"
      }
    },
    {
      "DataID": 40200086,
      "UNIQUEID": 36,
      "m_eobstacleObjType": 4,
      "pos": {
        "x": -17.242000579833984,
        "y": 0.66600000858306885,
        "z": 0.0,
        "_x": "-17.242",
        "_y": "0.666",
        "_z": "0.000"
      },
      "rot": {
        "roll": "0.000",
        "pitch": "0.000",
        "yaw": "-89.999"
      },
      "scale": {
        "x": 0.30000001192092896,
        "y": 0.30000001192092896,
        "z": 0.30000001192092896,
        "_x": "0.300",
        "_y": "0.300",
        "_z": "0.300"
      }
    },
    {
      "DataID": 40200086,
      "UNIQUEID": 37,
      "m_eobstacleObjType": 4,
      "pos": {
        "x": -15.883000373840332,
        "y": 0.9089999794960022,
        "z": 0.0,
        "_x": "-15.883",
        "_y": "0.909",
        "_z": "0.000"
      },
      "rot": {
        "roll": "0.000",
        "pitch": "0.000",
        "yaw": "-89.998"
      },
      "scale": {
        "x": 0.30000001192092896,
        "y": 0.30000001192092896,
        "z": 0.30000001192092896,
        "_x": "0.300",
        "_y": "0.300",
        "_z": "0.300"
      }
    },
    {
      "DataID": 40200086,
      "UNIQUEID": 39,
      "m_eobstacleObjType": 4,
      "pos": {
        "x": -16.188999176025391,
        "y": 0.59600001573562622,
        "z": 0.0,
        "_x": "-16.189",
        "_y": "0.596",
        "_z": "0.000"
      },
      "rot": {
        "roll": "0.000",
        "pitch": "0.000",
        "yaw": "-89.998"
      },
      "scale": {
        "x": 0.30000001192092896,
        "y": 0.30000001192092896,
        "z": 0.30000001192092896,
        "_x": "0.300",
        "_y": "0.300",
        "_z": "0.300"
      }
    },
    {
      "DataID": 40200086,
      "UNIQUEID": 40,
      "m_eobstacleObjType": 4,
      "pos": {
        "x": -16.517999649047852,
        "y": 0.24699999392032623,
        "z": 0.0,
        "_x": "-16.518",
        "_y": "0.247",
        "_z": "0.000"
      },
      "rot": {
        "roll": "0.000",
        "pitch": "0.000",
        "yaw": "-89.998"
      },
      "scale": {
        "x": 0.30000001192092896,
        "y": 0.30000001192092896,
        "z": 0.30000001192092896,
        "_x": "0.300",
        "_y": "0.300",
        "_z": "0.300"
      }
    },
    {
      "DataID": 40200086,
      "UNIQUEID": 41,
      "m_eobstacleObjType": 4,
      "pos": {
        "x": -17.815000534057617,
        "y": -0.27599999308586121,
        "z": 0.0,
        "_x": "-17.815",
        "_y": "-0.276",
        "_z": "0.000"
      },
      "rot": {
        "roll": "0.000",
        "pitch": "0.000",
        "yaw": "-89.998"
      },
      "scale": {
        "x": 0.30000001192092896,
        "y": 0.30000001192092896,
        "z": 0.30000001192092896,
        "_x": "0.300",
        "_y": "0.300",
        "_z": "0.300"
      }
    },
    {
      "DataID": 40200086,
      "UNIQUEID": 44,
      "m_eobstacleObjType": 4,
      "pos": {
        "x": -18.159000396728516,
        "y": -1.1519999504089355,
        "z": 0.0,
        "_x": "-18.159",
        "_y": "-1.152",
        "_z": "0.000"
      },
      "rot": {
        "roll": "0.000",
        "pitch": "0.000",
        "yaw": "-89.998"
      },
      "scale": {
        "x": 0.30000001192092896,
        "y": 0.30000001192092896,
        "z": 0.30000001192092896,
        "_x": "0.300",
        "_y": "0.300",
        "_z": "0.300"
      }
    },
    {
      "DataID": 40200086,
      "UNIQUEID": 43,
      "m_eobstacleObjType": 4,
      "pos": {
        "x": -16.711999893188477,
        "y": -0.125,
        "z": 0.0,
        "_x": "-16.712",
        "_y": "-0.125",
        "_z": "0.000"
      },
      "rot": {
        "roll": "0.000",
        "pitch": "0.000",
        "yaw": "-89.998"
      },
      "scale": {
        "x": 0.30000001192092896,
        "y": 0.30000001192092896,
        "z": 0.30000001192092896,
        "_x": "0.300",
        "_y": "0.300",
        "_z": "0.300"
      }
    },
    {
      "DataID": 40200086,
      "UNIQUEID": 38,
      "m_eobstacleObjType": 4,
      "pos": {
        "x": -17.570999145507813,
        "y": 0.23499999940395355,
        "z": 0.0,
        "_x": "-17.571",
        "_y": "0.235",
        "_z": "0.000"
      },
      "rot": {
        "roll": "0.000",
        "pitch": "0.000",
        "yaw": "-89.998"
      },
      "scale": {
        "x": 0.30000001192092896,
        "y": 0.30000001192092896,
        "z": 0.30000001192092896,
        "_x": "0.300",
        "_y": "0.300",
        "_z": "0.300"
      }
    },
    {
      "DataID": 40200086,
      "UNIQUEID": 45,
      "m_eobstacleObjType": 4,
      "pos": {
        "x": -16.934000015258789,
        "y": -0.44299998879432678,
        "z": 0.0,
        "_x": "-16.934",
        "_y": "-0.443",
        "_z": "0.000"
      },
      "rot": {
        "roll": "0.000",
        "pitch": "0.000",
        "yaw": "-89.998"
      },
      "scale": {
        "x": 0.30000001192092896,
        "y": 0.30000001192092896,
        "z": 0.30000001192092896,
        "_x": "0.300",
        "_y": "0.300",
        "_z": "0.300"
      }
    },
    {
      "DataID": 40200086,
      "UNIQUEID": 68,
      "m_eobstacleObjType": 4,
      "pos": {
        "x": -15.340000152587891,
        "y": -5.7160000801086426,
        "z": 0.0,
        "_x": "-15.340",
        "_y": "-5.716",
        "_z": "0.000"
      },
      "rot": {
        "roll": "0.000",
        "pitch": "0.000",
        "yaw": "-89.998"
      },
      "scale": {
        "x": 0.30000001192092896,
        "y": 0.30000001192092896,
        "z": 0.30000001192092896,
        "_x": "0.300",
        "_y": "0.300",
        "_z": "0.300"
      }
    },
    {
      "DataID": 40200086,
      "UNIQUEID": 47,
      "m_eobstacleObjType": 4,
      "pos": {
        "x": -17.090999603271484,
        "y": -0.734000027179718,
        "z": 0.0,
        "_x": "-17.091",
        "_y": "-0.734",
        "_z": "0.000"
      },
      "rot": {
        "roll": "0.000",
        "pitch": "0.000",
        "yaw": "-89.998"
      },
      "scale": {
        "x": 0.30000001192092896,
        "y": 0.30000001192092896,
        "z": 0.30000001192092896,
        "_x": "0.300",
        "_y": "0.300",
        "_z": "0.300"
      }
    },
    {
      "DataID": 40200086,
      "UNIQUEID": 46,
      "m_eobstacleObjType": 4,
      "pos": {
        "x": -18.295999526977539,
        "y": -1.6289999485015869,
        "z": 0.0,
        "_x": "-18.296",
        "_y": "-1.629",
        "_z": "0.000"
      },
      "rot": {
        "roll": "0.000",
        "pitch": "0.000",
        "yaw": "-89.998"
      },
      "scale": {
        "x": 0.30000001192092896,
        "y": 0.30000001192092896,
        "z": 0.30000001192092896,
        "_x": "0.300",
        "_y": "0.300",
        "_z": "0.300"
      }
    },
    {
      "DataID": 40200086,
      "UNIQUEID": 49,
      "m_eobstacleObjType": 4,
      "pos": {
        "x": -17.246000289916992,
        "y": -1.0579999685287476,
        "z": 0.0,
        "_x": "-17.246",
        "_y": "-1.058",
        "_z": "0.000"
      },
      "rot": {
        "roll": "0.000",
        "pitch": "0.000",
        "yaw": "-89.998"
      },
      "scale": {
        "x": 0.30000001192092896,
        "y": 0.30000001192092896,
        "z": 0.30000001192092896,
        "_x": "0.300",
        "_y": "0.300",
        "_z": "0.300"
      }
    },
    {
      "DataID": 40200086,
      "UNIQUEID": 42,
      "m_eobstacleObjType": 4,
      "pos": {
        "x": -18.021999359130859,
        "y": -0.675000011920929,
        "z": 0.0,
        "_x": "-18.022",
        "_y": "-0.675",
        "_z": "0.000"
      },
      "rot": {
        "roll": "0.000",
        "pitch": "0.000",
        "yaw": "-89.998"
      },
      "scale": {
        "x": 0.30000001192092896,
        "y": 0.30000001192092896,
        "z": 0.30000001192092896,
        "_x": "0.300",
        "_y": "0.300",
        "_z": "0.300"
      }
    },
    {
      "DataID": 40200086,
      "UNIQUEID": 51,
      "m_eobstacleObjType": 4,
      "pos": {
        "x": -17.298999786376953,
        "y": -1.3960000276565552,
        "z": 0.0,
        "_x": "-17.299",
        "_y": "-1.396",
        "_z": "0.000"
      },
      "rot": {
        "roll": "0.000",
        "pitch": "0.000",
        "yaw": "-89.796"
      },
      "scale": {
        "x": 0.30000001192092896,
        "y": 0.30000001192092896,
        "z": 0.30000001192092896,
        "_x": "0.300",
        "_y": "0.300",
        "_z": "0.300"
      }
    },
    {
      "DataID": 40200086,
      "UNIQUEID": 48,
      "m_eobstacleObjType": 4,
      "pos": {
        "x": -18.315999984741211,
        "y": -2.1140000820159912,
        "z": 0.0,
        "_x": "-18.316",
        "_y": "-2.114",
        "_z": "0.000"
      },
      "rot": {
        "roll": "0.000",
        "pitch": "0.000",
        "yaw": "-89.999"
      },
      "scale": {
        "x": 0.30000001192092896,
        "y": 0.30000001192092896,
        "z": 0.30000001192092896,
        "_x": "0.300",
        "_y": "0.300",
        "_z": "0.300"
      }
    },
    {
      "DataID": 40200086,
      "UNIQUEID": 53,
      "m_eobstacleObjType": 4,
      "pos": {
        "x": -17.396999359130859,
        "y": -1.7369999885559082,
        "z": 0.0,
        "_x": "-17.397",
        "_y": "-1.737",
        "_z": "0.000"
      },
      "rot": {
        "roll": "0.000",
        "pitch": "0.000",
        "yaw": "-89.998"
      },
      "scale": {
        "x": 0.30000001192092896,
        "y": 0.30000001192092896,
        "z": 0.30000001192092896,
        "_x": "0.300",
        "_y": "0.300",
        "_z": "0.300"
      }
    },
    {
      "DataID": 40200086,
      "UNIQUEID": 50,
      "m_eobstacleObjType": 4,
      "pos": {
        "x": -18.288999557495117,
        "y": -2.5899999141693115,
        "z": 0.0,
        "_x": "-18.289",
        "_y": "-2.590",
        "_z": "0.000"
      },
      "rot": {
        "roll": "0.000",
        "pitch": "0.000",
        "yaw": "-89.998"
      },
      "scale": {
        "x": 0.30000001192092896,
        "y": 0.30000001192092896,
        "z": 0.30000001192092896,
        "_x": "0.300",
        "_y": "0.300",
        "_z": "0.300"
      }
    },
    {
      "DataID": 40200086,
      "UNIQUEID": 55,
      "m_eobstacleObjType": 4,
      "pos": {
        "x": -17.459999084472656,
        "y": -2.0859999656677246,
        "z": 0.0,
        "_x": "-17.460",
        "_y": "-2.086",
        "_z": "0.000"
      },
      "rot": {
        "roll": "0.000",
        "pitch": "0.000",
        "yaw": "-89.998"
      },
      "scale": {
        "x": 0.30000001192092896,
        "y": 0.30000001192092896,
        "z": 0.30000001192092896,
        "_x": "0.300",
        "_y": "0.300",
        "_z": "0.300"
      }
    },
    {
      "DataID": 40200086,
      "UNIQUEID": 52,
      "m_eobstacleObjType": 4,
      "pos": {
        "x": -18.177999496459961,
        "y": -3.0439999103546143,
        "z": 0.0,
        "_x": "-18.178",
        "_y": "-3.044",
        "_z": "0.000"
      },
      "rot": {
        "roll": "0.000",
        "pitch": "0.000",
        "yaw": "-89.998"
      },
      "scale": {
        "x": 0.30000001192092896,
        "y": 0.30000001192092896,
        "z": 0.30000001192092896,
        "_x": "0.300",
        "_y": "0.300",
        "_z": "0.300"
      }
    },
    {
      "DataID": 40200086,
      "UNIQUEID": 57,
      "m_eobstacleObjType": 4,
      "pos": {
        "x": -17.398000717163086,
        "y": -2.4909999370574951,
        "z": 0.0,
        "_x": "-17.398",
        "_y": "-2.491",
        "_z": "0.000"
      },
      "rot": {
        "roll": "0.000",
        "pitch": "0.000",
        "yaw": "-89.998"
      },
      "scale": {
        "x": 0.30000001192092896,
        "y": 0.30000001192092896,
        "z": 0.30000001192092896,
        "_x": "0.300",
        "_y": "0.300",
        "_z": "0.300"
      }
    },
    {
      "DataID": 40200086,
      "UNIQUEID": 54,
      "m_eobstacleObjType": 4,
      "pos": {
        "x": -17.924999237060547,
        "y": -3.5590000152587891,
        "z": 0.0,
        "_x": "-17.925",
        "_y": "-3.559",
        "_z": "0.000"
      },
      "rot": {
        "roll": "0.000",
        "pitch": "0.000",
        "yaw": "-89.998"
      },
      "scale": {
        "x": 0.30000001192092896,
        "y": 0.30000001192092896,
        "z": 0.30000001192092896,
        "_x": "0.300",
        "_y": "0.300",
        "_z": "0.300"
      }
    },
    {
      "DataID": 40200086,
      "UNIQUEID": 59,
      "m_eobstacleObjType": 4,
      "pos": {
        "x": -17.271999359130859,
        "y": -2.8469998836517334,
        "z": 0.0,
        "_x": "-17.272",
        "_y": "-2.847",
        "_z": "0.000"
      },
      "rot": {
        "roll": "0.000",
        "pitch": "0.000",
        "yaw": "-89.998"
      },
      "scale": {
        "x": 0.30000001192092896,
        "y": 0.30000001192092896,
        "z": 0.30000001192092896,
        "_x": "0.300",
        "_y": "0.300",
        "_z": "0.300"
      }
    },
    {
      "DataID": 40200086,
      "UNIQUEID": 56,
      "m_eobstacleObjType": 4,
      "pos": {
        "x": -17.656999588012695,
        "y": -3.9790000915527344,
        "z": 0.0,
        "_x": "-17.657",
        "_y": "-3.979",
        "_z": "0.000"
      },
      "rot": {
        "roll": "0.000",
        "pitch": "0.000",
        "yaw": "-89.998"
      },
      "scale": {
        "x": 0.30000001192092896,
        "y": 0.30000001192092896,
        "z": 0.30000001192092896,
        "_x": "0.300",
        "_y": "0.300",
        "_z": "0.300"
      }
    },
    {
      "DataID": 40200086,
      "UNIQUEID": 61,
      "m_eobstacleObjType": 4,
      "pos": {
        "x": -17.077999114990234,
        "y": -3.2309999465942383,
        "z": 0.0,
        "_x": "-17.078",
        "_y": "-3.231",
        "_z": "0.000"
      },
      "rot": {
        "roll": "0.000",
        "pitch": "0.000",
        "yaw": "-89.998"
      },
      "scale": {
        "x": 0.30000001192092896,
        "y": 0.30000001192092896,
        "z": 0.30000001192092896,
        "_x": "0.300",
        "_y": "0.300",
        "_z": "0.300"
      }
    },
    {
      "DataID": 40200086,
      "UNIQUEID": 58,
      "m_eobstacleObjType": 4,
      "pos": {
        "x": -17.381000518798828,
        "y": -4.3619999885559082,
        "z": 0.0,
        "_x": "-17.381",
        "_y": "-4.362",
        "_z": "0.000"
      },
      "rot": {
        "roll": "0.000",
        "pitch": "0.000",
        "yaw": "-89.998"
      },
      "scale": {
        "x": 0.30000001192092896,
        "y": 0.30000001192092896,
        "z": 0.30000001192092896,
        "_x": "0.300",
        "_y": "0.300",
        "_z": "0.300"
      }
    },
    {
      "DataID": 40200086,
      "UNIQUEID": 63,
      "m_eobstacleObjType": 4,
      "pos": {
        "x": -16.830999374389648,
        "y": -3.5989999771118164,
        "z": 0.0,
        "_x": "-16.831",
        "_y": "-3.599",
        "_z": "0.000"
      },
      "rot": {
        "roll": "0.000",
        "pitch": "0.000",
        "yaw": "-89.998"
      },
      "scale": {
        "x": 0.30000001192092896,
        "y": 0.30000001192092896,
        "z": 0.30000001192092896,
        "_x": "0.300",
        "_y": "0.300",
        "_z": "0.300"
      }
    },
    {
      "DataID": 40200086,
      "UNIQUEID": 60,
      "m_eobstacleObjType": 4,
      "pos": {
        "x": -17.052000045776367,
        "y": -4.6779999732971191,
        "z": 0.0,
        "_x": "-17.052",
        "_y": "-4.678",
        "_z": "0.000"
      },
      "rot": {
        "roll": "0.000",
        "pitch": "0.000",
        "yaw": "-89.998"
      },
      "scale": {
        "x": 0.30000001192092896,
        "y": 0.30000001192092896,
        "z": 0.30000001192092896,
        "_x": "0.300",
        "_y": "0.300",
        "_z": "0.300"
      }
    },
    {
      "DataID": 40200086,
      "UNIQUEID": 65,
      "m_eobstacleObjType": 4,
      "pos": {
        "x": -16.47599983215332,
        "y": -3.9249999523162842,
        "z": 0.0,
        "_x": "-16.476",
        "_y": "-3.925",
        "_z": "0.000"
      },
      "rot": {
        "roll": "0.000",
        "pitch": "0.000",
        "yaw": "-89.998"
      },
      "scale": {
        "x": 0.30000001192092896,
        "y": 0.30000001192092896,
        "z": 0.30000001192092896,
        "_x": "0.300",
        "_y": "0.300",
        "_z": "0.300"
      }
    },
    {
      "DataID": 40200086,
      "UNIQUEID": 62,
      "m_eobstacleObjType": 4,
      "pos": {
        "x": -16.625999450683594,
        "y": -5.0170001983642578,
        "z": 0.0,
        "_x": "-16.626",
        "_y": "-5.017",
        "_z": "0.000"
      },
      "rot": {
        "roll": "0.000",
        "pitch": "0.000",
        "yaw": "-89.999"
      },
      "scale": {
        "x": 0.30000001192092896,
        "y": 0.30000001192092896,
        "z": 0.30000001192092896,
        "_x": "0.300",
        "_y": "0.300",
        "_z": "0.300"
      }
    },
    {
      "DataID": 40200086,
      "UNIQUEID": 67,
      "m_eobstacleObjType": 4,
      "pos": {
        "x": -16.118999481201172,
        "y": -4.2729997634887695,
        "z": 0.0,
        "_x": "-16.119",
        "_y": "-4.273",
        "_z": "0.000"
      },
      "rot": {
        "roll": "0.000",
        "pitch": "0.000",
        "yaw": "-89.999"
      },
      "scale": {
        "x": 0.30000001192092896,
        "y": 0.30000001192092896,
        "z": 0.30000001192092896,
        "_x": "0.300",
        "_y": "0.300",
        "_z": "0.300"
      }
    },
    {
      "DataID": 40200086,
      "UNIQUEID": 64,
      "m_eobstacleObjType": 4,
      "pos": {
        "x": -16.242000579833984,
        "y": -5.3829998970031738,
        "z": 0.0,
        "_x": "-16.242",
        "_y": "-5.383",
        "_z": "0.000"
      },
      "rot": {
        "roll": "0.000",
        "pitch": "0.000",
        "yaw": "-89.998"
      },
      "scale": {
        "x": 0.30000001192092896,
        "y": 0.30000001192092896,
        "z": 0.30000001192092896,
        "_x": "0.300",
        "_y": "0.300",
        "_z": "0.300"
      }
    },
    {
      "DataID": 40200086,
      "UNIQUEID": 69,
      "m_eobstacleObjType": 4,
      "pos": {
        "x": -15.77299976348877,
        "y": -4.64300012588501,
        "z": 0.0,
        "_x": "-15.773",
        "_y": "-4.643",
        "_z": "0.000"
      },
      "rot": {
        "roll": "0.000",
        "pitch": "0.000",
        "yaw": "-89.998"
      },
      "scale": {
        "x": 0.30000001192092896,
        "y": 0.30000001192092896,
        "z": 0.30000001192092896,
        "_x": "0.300",
        "_y": "0.300",
        "_z": "0.300"
      }
    },
    {
      "DataID": 40200086,
      "UNIQUEID": 66,
      "m_eobstacleObjType": 4,
      "pos": {
        "x": -15.805000305175781,
        "y": -5.64900016784668,
        "z": 0.0,
        "_x": "-15.805",
        "_y": "-5.649",
        "_z": "0.000"
      },
      "rot": {
        "roll": "0.000",
        "pitch": "0.000",
        "yaw": "-89.998"
      },
      "scale": {
        "x": 0.30000001192092896,
        "y": 0.30000001192092896,
        "z": 0.30000001192092896,
        "_x": "0.300",
        "_y": "0.300",
        "_z": "0.300"
      }
    },
    {
      "DataID": 40200086,
      "UNIQUEID": 9,
      "m_eobstacleObjType": 4,
      "pos": {
        "x": -14.869999885559082,
        "y": 5.0580000877380371,
        "z": 0.0,
        "_x": "-14.870",
        "_y": "5.058",
        "_z": "0.000"
      },
      "rot": {
        "roll": "0.000",
        "pitch": "0.000",
        "yaw": "-90.025"
      },
      "scale": {
        "x": 0.30000001192092896,
        "y": 0.30000001192092896,
        "z": 0.30000001192092896,
        "_x": "0.300",
        "_y": "0.300",
        "_z": "0.300"
      }
    },
    {
      "DataID": 40200086,
      "UNIQUEID": 73,
      "m_eobstacleObjType": 4,
      "pos": {
        "x": -16.023000717163086,
        "y": 2.4660000801086426,
        "z": 0.0,
        "_x": "-16.023",
        "_y": "2.466",
        "_z": "0.000"
      },
      "rot": {
        "roll": "0.000",
        "pitch": "0.000",
        "yaw": "-89.998"
      },
      "scale": {
        "x": 0.30000001192092896,
        "y": 0.30000001192092896,
        "z": 0.30000001192092896,
        "_x": "0.300",
        "_y": "0.300",
        "_z": "0.300"
      }
    }
  ],
  "spawnPointList": [],
  "tlList": [
    {
      "index": 0,
      "state": 1,
      "deltaTime": 12.101534843444824
    }
  ],
  "mapInfo": {
    "mapName": "R_OUT_KookminTrack",
    "eastOffset": 0.0,
    "northOffset": 0.0,
    "globalCoordinateSystem": "",
    "scenarioCoordinateSystem": "ENU"
  },
  "v2IInfo": {
    "isAlive": false,
    "acceptIp": "127.0.0.1",
    "acceptPort": 5000,
    "v2vIP": "127.0.0.1"
  },
  "pedspawnPointList": [],
  "aiPedstrianList": [],
  "shadedAreaList": [],
  "frictionChangeMaterialList": []
}