{
  "egoNetworkData": [
    {
      "UNIQUEID": 0,
      "listEgoNetworkInfo": [
        {
          "netType": 3,
          "PUBSUB_TYPE": 3841,
          "Division_TYPE": 3,
          "config": {
            "commType": 0,
            "pubSleepTime": 0.019999999552965164,
            "pubFrequency": 50.0,
            "udpConfig": {
              "hostIP": "127.0.0.1",
              "hostPort": 9090,
              "destinationIP": "127.0.0.1",
              "destinationPort": 9090,
              "receiveTimeout": 50,
              "isBufferThreadActivated": false,
              "receiveBufferSize": 0,
              "sizeOfAuxHeader": 12
            },
            "rosConfig": {
              "handlerType": 0,
              "ConnectionTimeout": 1000,
              "RosBridgeServerUrl": "ws://127.0.0.1:9090",
              "RosBridgeIP": "127.0.0.1",
              "RosBridgePort": 9090,
              "Topic": "/dafault_topic",
              "RosMessageOnOff": true,
              "frameID": "",
              "childFrameID": ""
            },
            "serialConfig": {
              "portName": "COM3",
              "baudRate": 19200,
              "parity": 0,
              "portDataBits": 8,
              "stopBits": 1,
              "handshake": 0,
              "readCount": 0
            },
            "lcmConfig": {
              "ConnectionTimeout": 1000,
              "handlerType": 0,
              "Channel": "DafaultChannel"
            },
            "GrpcConfig": {
              "hostIP": "127.0.0.1",
              "hostPort": 7789,
              "Connect": false
            }
          },
          "EgoCtrlConfig": {
            "egoCtrlMode": 1,
            "_PUBSUB_TYPE": 0,
            "commType": 3,
            "ctrlSleepTime": 0.016666999086737633,
            "udpConfig": {
              "hostIP": "127.0.0.1",
              "hostPort": 9090,
              "destinationIP": "127.0.0.1",
              "destinationPort": 9090,
              "receiveTimeout": 50,
              "isBufferThreadActivated": false,
              "receiveBufferSize": 0,
              "sizeOfAuxHeader": 12
            },
            "rosConfig": {
              "handlerType": 1,
              "ConnectionTimeout": 1000,
              "RosBridgeServerUrl": "ws://127.0.0.1:9090",
              "RosBridgeIP": "127.0.0.1",
              "RosBridgePort": 9090,
              "Topic": "/commands/motor/speed",
              "RosMessageOnOff": true,
              "frameID": "",
              "childFrameID": ""
            },
            "serialConfig": {
              "portName": "COM3",
              "baudRate": 19200,
              "parity": 0,
              "portDataBits": 8,
              "stopBits": 1,
              "handshake": 0,
              "readCount": 0
            },
            "ghostModeFlag": false,
            "m_drivingStateInit": false
          }
        },
        {
          "netType": 3,
          "PUBSUB_TYPE": 3841,
          "Division_TYPE": 3,
          "config": {
            "commType": 0,
            "pubSleepTime": 0.019999999552965164,
            "pubFrequency": 50.0,
            "udpConfig": {
              "hostIP": "127.0.0.1",
              "hostPort": 9090,
              "destinationIP": "127.0.0.1",
              "destinationPort": 9090,
              "receiveTimeout": 50,
              "isBufferThreadActivated": false,
              "receiveBufferSize": 0,
              "sizeOfAuxHeader": 12
            },
            "rosConfig": {
              "handlerType": 0,
              "ConnectionTimeout": 1000,
              "RosBridgeServerUrl": "ws://127.0.0.1:9090",
              "RosBridgeIP": "127.0.0.1",
              "RosBridgePort": 9090,
              "Topic": "/dafault_topic",
              "RosMessageOnOff": true,
              "frameID": "",
              "childFrameID": ""
            },
            "serialConfig": {
              "portName": "COM3",
              "baudRate": 19200,
              "parity": 0,
              "portDataBits": 8,
              "stopBits": 1,
              "handshake": 0,
              "readCount": 0
            },
            "lcmConfig": {
              "ConnectionTimeout": 1000,
              "handlerType": 0,
              "Channel": "DafaultChannel"
            },
            "GrpcConfig": {
              "hostIP": "127.0.0.1",
              "hostPort": 7789,
              "Connect": false
            }
          },
          "EgoCtrlConfig": {
            "egoCtrlMode": 1,
            "_PUBSUB_TYPE": 0,
            "commType": 3,
            "ctrlSleepTime": 0.016666999086737633,
            "udpConfig": {
              "hostIP": "127.0.0.1",
              "hostPort": 9090,
              "destinationIP": "127.0.0.1",
              "destinationPort": 9090,
              "receiveTimeout": 50,
              "isBufferThreadActivated": false,
              "receiveBufferSize": 0,
              "sizeOfAuxHeader": 12
            },
            "rosConfig": {
              "handlerType": 1,
              "ConnectionTimeout": 1000,
              "RosBridgeServerUrl": "ws://127.0.0.1:9090",
              "RosBridgeIP": "127.0.0.1",
              "RosBridgePort": 9090,
              "Topic": "/commands/servo/position",
              "RosMessageOnOff": true,
              "frameID": "",
              "childFrameID": ""
            },
            "serialConfig": {
              "portName": "COM3",
              "baudRate": 19200,
              "parity": 0,
              "portDataBits": 8,
              "stopBits": 1,
              "handshake": 0,
              "readCount": 0
            },
            "ghostModeFlag": false,
            "m_drivingStateInit": false
          }
        },
        {
          "netType": 3,
          "PUBSUB_TYPE": 258,
          "Division_TYPE": 1,
          "config": {
            "commType": 3,
            "pubSleepTime": 0.019999999552965164,
            "pubFrequency": 50.0,
            "udpConfig": {
              "hostIP": "127.0.0.1",
              "hostPort": 9090,
              "destinationIP": "127.0.0.1",
              "destinationPort": 9090,
              "receiveTimeout": 50,
              "isBufferThreadActivated": false,
              "receiveBufferSize": 0,
              "sizeOfAuxHeader": 12
            },
            "rosConfig": {
              "handlerType": 0,
              "ConnectionTimeout": 1000,
              "RosBridgeServerUrl": "ws://127.0.0.1:9090",
              "RosBridgeIP": "127.0.0.1",
              "RosBridgePort": 9090,
              "Topic": "/GetTrafficLightStatus",
              "RosMessageOnOff": true,
              "frameID": "",
              "childFrameID": ""
            },
            "serialConfig": {
              "portName": "COM3",
              "baudRate": 19200,
              "parity": 0,
              "portDataBits": 8,
              "stopBits": 1,
              "handshake": 0,
              "readCount": 0
            },
            "lcmConfig": {
              "ConnectionTimeout": 1000,
              "handlerType": 0,
              "Channel": "DafaultChannel"
            },
            "GrpcConfig": {
              "hostIP": "127.0.0.1",
              "hostPort": 7789,
              "Connect": false
            }
          },
          "EgoCtrlConfig": {
            "egoCtrlMode": 1,
            "_PUBSUB_TYPE": 0,
            "commType": 0,
            "ctrlSleepTime": 0.016666999086737633,
            "udpConfig": {
              "hostIP": "127.0.0.1",
              "hostPort": 9090,
              "destinationIP": "127.0.0.1",
              "destinationPort": 9090,
              "receiveTimeout": 50,
              "isBufferThreadActivated": false,
              "receiveBufferSize": 0,
              "sizeOfAuxHeader": 12
            },
            "rosConfig": {
              "handlerType": 0,
              "ConnectionTimeout": 1000,
              "RosBridgeServerUrl": "ws://127.0.0.1:9090",
              "RosBridgeIP": "127.0.0.1",
              "RosBridgePort": 9090,
              "Topic": "/dafault_topic",
              "RosMessageOnOff": true,
              "frameID": "",
              "childFrameID": ""
            },
            "serialConfig": {
              "portName": "COM3",
              "baudRate": 19200,
              "parity": 0,
              "portDataBits": 8,
              "stopBits": 1,
              "handshake": 0,
              "readCount": 0
            },
            "ghostModeFlag": false,
            "m_drivingStateInit": false
          }
        },
        {
          "netType": 3,
          "PUBSUB_TYPE": 261,
          "Division_TYPE": 1,
          "config": {
            "commType": 3,
            "pubSleepTime": 0.019999999552965164,
            "pubFrequency": 50.0,
            "udpConfig": {
              "hostIP": "127.0.0.1",
              "hostPort": 9090,
              "destinationIP": "127.0.0.1",
              "destinationPort": 9090,
              "receiveTimeout": 50,
              "isBufferThreadActivated": false,
              "receiveBufferSize": 0,
              "sizeOfAuxHeader": 12
            },
            "rosConfig": {
              "handlerType": 0,
              "ConnectionTimeout": 1000,
              "RosBridgeServerUrl": "ws://127.0.0.1:9090",
              "RosBridgeIP": "127.0.0.1",
              "RosBridgePort": 9090,
              "Topic": "/CollisionData",
              "RosMessageOnOff": true,
              "frameID": "",
              "childFrameID": ""
            },
            "serialConfig": {
              "portName": "COM3",
              "baudRate": 19200,
              "parity": 0,
              "portDataBits": 8,
              "stopBits": 1,
              "handshake": 0,
              "readCount": 0
            },
            "lcmConfig": {
              "ConnectionTimeout": 1000,
              "handlerType": 0,
              "Channel": "DafaultChannel"
            },
            "GrpcConfig": {
              "hostIP": "127.0.0.1",
              "hostPort": 7789,
              "Connect": false
            }
          },
          "EgoCtrlConfig": {
            "egoCtrlMode": 1,
            "_PUBSUB_TYPE": 0,
            "commType": 0,
            "ctrlSleepTime": 0.016666999086737633,
            "udpConfig": {
              "hostIP": "127.0.0.1",
              "hostPort": 9090,
              "destinationIP": "127.0.0.1",
              "destinationPort": 9090,
              "receiveTimeout": 50,
              "isBufferThreadActivated": false,
              "receiveBufferSize": 0,
              "sizeOfAuxHeader": 12
            },
            "rosConfig": {
              "handlerType": 0,
              "ConnectionTimeout": 1000,
              "RosBridgeServerUrl": "ws://127.0.0.1:9090",
              "RosBridgeIP": "127.0.0.1",
              "RosBridgePort": 9090,
              "Topic": "/dafault_topic",
              "RosMessageOnOff": true,
              "frameID": "",
              "childFrameID": ""
            },
            "serialConfig": {
              "portName": "COM3",
              "baudRate": 19200,
              "parity": 0,
              "portDataBits": 8,
              "stopBits": 1,
              "handshake": 0,
              "readCount": 0
            },
            "ghostModeFlag": false,
            "m_drivingStateInit": false
          }
        },
        {
          "netType": 3,
          "PUBSUB_TYPE": 3842,
          "Division_TYPE": 1,
          "config": {
            "commType": 3,
            "pubSleepTime": 0.019999999552965164,
            "pubFrequency": 50.0,
            "udpConfig": {
              "hostIP": "127.0.0.1",
              "hostPort": 9090,
              "destinationIP": "127.0.0.1",
              "destinationPort": 9090,
              "receiveTimeout": 50,
              "isBufferThreadActivated": false,
              "receiveBufferSize": 0,
              "sizeOfAuxHeader": 12
            },
            "rosConfig": {
              "handlerType": 0,
              "ConnectionTimeout": 1000,
              "RosBridgeServerUrl": "ws://127.0.0.1:9090",
              "RosBridgeIP": "127.0.0.1",
              "RosBridgePort": 9090,
              "Topic": "/sensors/servo_position_command",
              "RosMessageOnOff": true,
              "frameID": "",
              "childFrameID": ""
            },
            "serialConfig": {
              "portName": "COM3",
              "baudRate": 19200,
              "parity": 0,
              "portDataBits": 8,
              "stopBits": 1,
              "handshake": 0,
              "readCount": 0
            },
            "lcmConfig": {
              "ConnectionTimeout": 1000,
              "handlerType": 0,
              "Channel": "DafaultChannel"
            },
            "GrpcConfig": {
              "hostIP": "127.0.0.1",
              "hostPort": 7789,
              "Connect": false
            }
          },
          "EgoCtrlConfig": {
            "egoCtrlMode": 1,
            "_PUBSUB_TYPE": 0,
            "commType": 0,
            "ctrlSleepTime": 0.016666999086737633,
            "udpConfig": {
              "hostIP": "127.0.0.1",
              "hostPort": 9090,
              "destinationIP": "127.0.0.1",
              "destinationPort": 9090,
              "receiveTimeout": 50,
              "isBufferThreadActivated": false,
              "receiveBufferSize": 0,
              "sizeOfAuxHeader": 12
            },
            "rosConfig": {
              "handlerType": 0,
              "ConnectionTimeout": 1000,
              "RosBridgeServerUrl": "ws://127.0.0.1:9090",
              "RosBridgeIP": "127.0.0.1",
              "RosBridgePort": 9090,
              "Topic": "/dafault_topic",
              "RosMessageOnOff": true,
              "frameID": "",
              "childFrameID": ""
            },
            "serialConfig": {
              "portName": "COM3",
              "baudRate": 19200,
              "parity": 0,
              "portDataBits": 8,
              "stopBits": 1,
              "handshake": 0,
              "readCount": 0
            },
            "ghostModeFlag": false,
            "m_drivingStateInit": false
          }
        },
        {
          "netType": 3,
          "PUBSUB_TYPE": 770,
          "Division_TYPE": 1,
          "config": {
            "commType": 3,
            "pubSleepTime": 0.019999999552965164,
            "pubFrequency": 50.0,
            "udpConfig": {
              "hostIP": "127.0.0.1",
              "hostPort": 9090,
              "destinationIP": "127.0.0.1",
              "destinationPort": 9090,
              "receiveTimeout": 50,
              "isBufferThreadActivated": false,
              "receiveBufferSize": 0,
              "sizeOfAuxHeader": 12
            },
            "rosConfig": {
              "handlerType": 0,
              "ConnectionTimeout": 1000,
              "RosBridgeServerUrl": "ws://127.0.0.1:9090",
              "RosBridgeIP": "127.0.0.1",
              "RosBridgePort": 9090,
              "Topic": "/Ego_topic",
              "RosMessageOnOff": true,
              "frameID": "",
              "childFrameID": ""
            },
            "serialConfig": {
              "portName": "COM3",
              "baudRate": 19200,
              "parity": 0,
              "portDataBits": 8,
              "stopBits": 1,
              "handshake": 0,
              "readCount": 0
            },
            "lcmConfig": {
              "ConnectionTimeout": 1000,
              "handlerType": 0,
              "Channel": "DafaultChannel"
            },
            "GrpcConfig": {
              "hostIP": "127.0.0.1",
              "hostPort": 7789,
              "Connect": false
            }
          },
          "EgoCtrlConfig": {
            "egoCtrlMode": 1,
            "_PUBSUB_TYPE": 0,
            "commType": 0,
            "ctrlSleepTime": 0.016666999086737633,
            "udpConfig": {
              "hostIP": "127.0.0.1",
              "hostPort": 9090,
              "destinationIP": "127.0.0.1",
              "destinationPort": 9090,
              "receiveTimeout": 50,
              "isBufferThreadActivated": false,
              "receiveBufferSize": 0,
              "sizeOfAuxHeader": 12
            },
            "rosConfig": {
              "handlerType": 0,
              "ConnectionTimeout": 1000,
              "RosBridgeServerUrl": "ws://127.0.0.1:9090",
              "RosBridgeIP": "127.0.0.1",
              "RosBridgePort": 9090,
              "Topic": "/dafault_topic",
              "RosMessageOnOff": true,
              "frameID": "",
              "childFrameID": ""
            },
            "serialConfig": {
              "portName": "COM3",
              "baudRate": 19200,
              "parity": 0,
              "portDataBits": 8,
              "stopBits": 1,
              "handshake": 0,
              "readCount": 0
            },
            "ghostModeFlag": false,
            "m_drivingStateInit": false
          }
        },
        {
          "netType": 3,
          "PUBSUB_TYPE": 259,
          "Division_TYPE": 2,
          "config": {
            "commType": 3,
            "pubSleepTime": 0.019999999552965164,
            "pubFrequency": 50.0,
            "udpConfig": {
              "hostIP": "127.0.0.1",
              "hostPort": 9090,
              "destinationIP": "127.0.0.1",
              "destinationPort": 9090,
              "receiveTimeout": 50,
              "isBufferThreadActivated": false,
              "receiveBufferSize": 0,
              "sizeOfAuxHeader": 12
            },
            "rosConfig": {
              "handlerType": 1,
              "ConnectionTimeout": 1000,
              "RosBridgeServerUrl": "ws://127.0.0.1:9090",
              "RosBridgeIP": "127.0.0.1",
              "RosBridgePort": 9090,
              "Topic": "/SetTrafficLight",
              "RosMessageOnOff": true,
              "frameID": "",
              "childFrameID": ""
            },
            "serialConfig": {
              "portName": "COM3",
              "baudRate": 19200,
              "parity": 0,
              "portDataBits": 8,
              "stopBits": 1,
              "handshake": 0,
              "readCount": 0
            },
            "lcmConfig": {
              "ConnectionTimeout": 1000,
              "handlerType": 0,
              "Channel": "DafaultChannel"
            },
            "GrpcConfig": {
              "hostIP": "127.0.0.1",
              "hostPort": 7789,
              "Connect": false
            }
          },
          "EgoCtrlConfig": {
            "egoCtrlMode": 1,
            "_PUBSUB_TYPE": 0,
            "commType": 0,
            "ctrlSleepTime": 0.016666999086737633,
            "udpConfig": {
              "hostIP": "127.0.0.1",
              "hostPort": 9090,
              "destinationIP": "127.0.0.1",
              "destinationPort": 9090,
              "receiveTimeout": 50,
              "isBufferThreadActivated": false,
              "receiveBufferSize": 0,
              "sizeOfAuxHeader": 12
            },
            "rosConfig": {
              "handlerType": 0,
              "ConnectionTimeout": 1000,
              "RosBridgeServerUrl": "ws://127.0.0.1:9090",
              "RosBridgeIP": "127.0.0.1",
              "RosBridgePort": 9090,
              "Topic": "/dafault_topic",
              "RosMessageOnOff": true,
              "frameID": "",
              "childFrameID": ""
            },
            "serialConfig": {
              "portName": "COM3",
              "baudRate": 19200,
              "parity": 0,
              "portDataBits": 8,
              "stopBits": 1,
              "handshake": 0,
              "readCount": 0
            },
            "ghostModeFlag": false,
            "m_drivingStateInit": false
          }
        },
        {
          "netType": 3,
          "PUBSUB_TYPE": 780,
          "Division_TYPE": 4,
          "config": {
            "commType": 3,
            "pubSleepTime": 0.019999999552965164,
            "pubFrequency": 50.0,
            "udpConfig": {
              "hostIP": "127.0.0.1",
              "hostPort": 9090,
              "destinationIP": "127.0.0.1",
              "destinationPort": 9090,
              "receiveTimeout": 50,
              "isBufferThreadActivated": false,
              "receiveBufferSize": 0,
              "sizeOfAuxHeader": 12
            },
            "rosConfig": {
              "handlerType": 2,
              "ConnectionTimeout": 1000,
              "RosBridgeServerUrl": "ws://127.0.0.1:9090",
              "RosBridgeIP": "127.0.0.1",
              "RosBridgePort": 9090,
              "Topic": "/Service_MoraiEventCmd",
              "RosMessageOnOff": true,
              "frameID": "",
              "childFrameID": ""
            },
            "serialConfig": {
              "portName": "COM3",
              "baudRate": 19200,
              "parity": 0,
              "portDataBits": 8,
              "stopBits": 1,
              "handshake": 0,
              "readCount": 0
            },
            "lcmConfig": {
              "ConnectionTimeout": 1000,
              "handlerType": 0,
              "Channel": "DafaultChannel"
            },
            "GrpcConfig": {
              "hostIP": "127.0.0.1",
              "hostPort": 7789,
              "Connect": false
            }
          },
          "EgoCtrlConfig": {
            "egoCtrlMode": 1,
            "_PUBSUB_TYPE": 0,
            "commType": 0,
            "ctrlSleepTime": 0.016666999086737633,
            "udpConfig": {
              "hostIP": "127.0.0.1",
              "hostPort": 9090,
              "destinationIP": "127.0.0.1",
              "destinationPort": 9090,
              "receiveTimeout": 50,
              "isBufferThreadActivated": false,
              "receiveBufferSize": 0,
              "sizeOfAuxHeader": 12
            },
            "rosConfig": {
              "handlerType": 0,
              "ConnectionTimeout": 1000,
              "RosBridgeServerUrl": "ws://127.0.0.1:9090",
              "RosBridgeIP": "127.0.0.1",
              "RosBridgePort": 9090,
              "Topic": "/dafault_topic",
              "RosMessageOnOff": true,
              "frameID": "",
              "childFrameID": ""
            },
            "serialConfig": {
              "portName": "COM3",
              "baudRate": 19200,
              "parity": 0,
              "portDataBits": 8,
              "stopBits": 1,
              "handshake": 0,
              "readCount": 0
            },
            "ghostModeFlag": false,
            "m_drivingStateInit": false
          }
        }
      ],
      "frameRate": [
        {
          "type": 1,
          "frameRate": 50
        },
        {
          "type": 2,
          "frameRate": 50
        },
        {
          "type": 3,
          "frameRate": 50
        },
        {
          "type": 4,
          "frameRate": 50
        },
        {
          "type": 5,
          "frameRate": 50
        },
        {
          "type": 6,
          "frameRate": 50
        },
        {
          "type": 7,
          "frameRate": 50
        },
        {
          "type": 8,
          "frameRate": 50
        },
        {
          "type": 9,
          "frameRate": 50
        }
      ]
    },
    {
      "UNIQUEID": -100,
      "listEgoNetworkInfo": [],
      "frameRate": [
        {
          "type": 1,
          "frameRate": 50
        },
        {
          "type": 2,
          "frameRate": 50
        },
        {
          "type": 3,
          "frameRate": 50
        },
        {
          "type": 4,
          "frameRate": 50
        },
        {
          "type": 5,
          "frameRate": 50
        },
        {
          "type": 6,
          "frameRate": 50
        },
        {
          "type": 7,
          "frameRate": 50
        },
        {
          "type": 8,
          "frameRate": 50
        },
        {
          "type": 9,
          "frameRate": 50
        }
      ]
    }
  ]
}